{
    "providers": [
        {
            "type": "ttf",
            "file": "4jmenu:negative_spaces.ttf",
            "shift": [0.0, 0.0],
            "size": 10.0,
            "oversample": 1.0
        },
        {
            "type": "bitmap",
            "file": "4jmenu:menu/options/panorama/scale/1.png",
            "ascent": 50,
            "height": 92,
            "chars": [
                "1"
            ]
        },
        {
            "type": "bitmap",
            "file": "4jmenu:menu/options/panorama/scale/2.png",
            "ascent": 50,
            "height": 92,
            "chars": [
                "2"
            ]
        },
        {
            "type": "bitmap",
            "file": "4jmenu:menu/options/panorama/scale/3.png",
            "ascent": 50,
            "height": 92,
            "chars": [
                "3"
            ]
        },
        {
            "type": "bitmap",
            "file": "4jmenu:menu/options/panorama/scale/4.png",
            "ascent": 50,
            "height": 92,
            "chars": [
                "4"
            ]
        },
        {
            "type": "bitmap",
            "file": "4jmenu:menu/options/panorama/scale/goback.png",
            "ascent": 50,
            "height": 92,
            "chars": [
                "5"
            ]
        }
    ]
}
