{
	"credit": "Made by DBTDerpbox, created with Blockbench",
	"textures": {
		"0": "4jbattle/menu/monitor/outline",
		"1": "4jbattle/menu/monitor/stand",
		"2": "4jbattle/menu/monitor/display",
		"particle": "4jbattle/menu/monitor/outline"
	},
	"elements": [
		{
			"from": [4.01, -7.2, 3.915],
			"to": [11.99, -4.54, 11.895],
			"rotation": {"angle": 0, "axis": "y", "origin": [-11.95, -7.2, -12.045]},
			"faces": {
				"north": {"uv": [0, 0, 3, 1], "texture": "#1"},
				"east": {"uv": [0, 0, 3, 1], "texture": "#1"},
				"south": {"uv": [0, 0, 3, 1], "texture": "#1"},
				"west": {"uv": [0, 0, 3, 1], "texture": "#1"},
				"up": {"uv": [0, 0, 3, 1], "texture": "#1"},
				"down": {"uv": [0, 0, 3, 1], "texture": "#1"}
			}
		},
		{
			"from": [6.67, -4.54, 6.575],
			"to": [9.33, 0.78, 9.235],
			"rotation": {"angle": 0, "axis": "y", "origin": [-11.95, -7.2, -12.045]},
			"faces": {
				"north": {"uv": [0, 0, 1, 2], "texture": "#1"},
				"east": {"uv": [0, 0, 1, 2], "texture": "#1"},
				"south": {"uv": [0, 0, 1, 2], "texture": "#1"},
				"west": {"uv": [0, 0, 1, 2], "texture": "#1"},
				"up": {"uv": [0, 0, 1, 2], "texture": "#1"},
				"down": {"uv": [0, 0, 1, 2], "texture": "#1"}
			}
		},
		{
			"from": [-11.95, 0.78, 6.575],
			"to": [27.95, 3.44, 9.235],
			"rotation": {"angle": 0, "axis": "y", "origin": [-11.95, -7.2, -12.045]},
			"faces": {
				"north": {"uv": [0, 0, 15, 1], "texture": "#0"},
				"east": {"uv": [0, 0, 15, 1], "texture": "#0"},
				"south": {"uv": [0, 0, 15, 1], "texture": "#0"},
				"west": {"uv": [0, 0, 15, 1], "texture": "#0"},
				"up": {"uv": [0, 0, 15, 1], "texture": "#0"},
				"down": {"uv": [0, 0, 15, 1], "texture": "#0"}
			}
		},
		{
			"from": [-9.29, 3.44, 7.905],
			"to": [25.29, 22.06, 9.235],
			"rotation": {"angle": 0, "axis": "y", "origin": [-11.95, -7.2, -12.045]},
			"faces": {
				"north": {"uv": [0, 0, 13, 7], "texture": "#2"},
				"east": {"uv": [0, 0, 13, 7], "texture": "#2"},
				"south": {"uv": [0, 0, 13, 7], "texture": "#0"},
				"west": {"uv": [0, 0, 13, 7], "texture": "#2"},
				"up": {"uv": [0, 0, 13, 7], "texture": "#2"},
				"down": {"uv": [0, 0, 13, 7], "texture": "#2"}
			}
		},
		{
			"from": [25.29, 3.44, 6.575],
			"to": [27.95, 22.06, 9.235],
			"rotation": {"angle": 0, "axis": "y", "origin": [-11.95, -7.2, -12.045]},
			"faces": {
				"north": {"uv": [0, 0, 1, 7], "texture": "#0"},
				"east": {"uv": [0, 0, 1, 7], "texture": "#0"},
				"south": {"uv": [0, 0, 1, 7], "texture": "#0"},
				"west": {"uv": [0, 0, 1, 7], "texture": "#0"},
				"up": {"uv": [0, 0, 1, 7], "texture": "#0"},
				"down": {"uv": [0, 0, 1, 7], "texture": "#0"}
			}
		},
		{
			"from": [-11.95, 22.06, 6.575],
			"to": [27.95, 24.72, 9.235],
			"rotation": {"angle": 0, "axis": "y", "origin": [-11.95, -7.2, -12.045]},
			"faces": {
				"north": {"uv": [0, 0, 15, 1], "texture": "#0"},
				"east": {"uv": [0, 0, 15, 1], "texture": "#0"},
				"south": {"uv": [0, 0, 15, 1], "texture": "#0"},
				"west": {"uv": [0, 0, 15, 1], "texture": "#0"},
				"up": {"uv": [0, 0, 15, 1], "texture": "#0"},
				"down": {"uv": [0, 0, 15, 1], "texture": "#0"}
			}
		},
		{
			"from": [-11.95, 3.44, 6.575],
			"to": [-9.29, 22.06, 9.235],
			"rotation": {"angle": 0, "axis": "y", "origin": [-11.95, -7.2, -12.045]},
			"faces": {
				"north": {"uv": [0, 0, 1, 7], "texture": "#0"},
				"east": {"uv": [0, 0, 1, 7], "texture": "#0"},
				"south": {"uv": [0, 0, 1, 7], "texture": "#0"},
				"west": {"uv": [0, 0, 1, 7], "texture": "#0"},
				"up": {"uv": [0, 0, 1, 7], "texture": "#0"},
				"down": {"uv": [0, 0, 1, 7], "texture": "#0"}
			}
		}
	]
}