{
    "providers": [
        {
            "type": "ttf",
            "file": "4jmenu:negative_spaces.ttf",
            "shift": [0.0, 0.0],
            "size": 10.0,
            "oversample": 1.0
        },
        {
            "type": "bitmap",
            "file": "4jmenu:menu/join/battle.png",
            "ascent": 183,
            "height": 183,
            "chars": [
                "1"
            ]
        },
        {
            "type": "bitmap",
            "file": "4jmenu:menu/join/tumble.png",
            "ascent": 183,
            "height": 183,
            "chars": [
                "2"
            ]
        },
        {
            "type": "bitmap",
            "file": "4jmenu:menu/join/glide.png",
            "ascent": 183,
            "height": 183,
            "chars": [
                "3"
            ]
        }
    ]
}
