{
    "display": {
        "head": {
            "translation": [0, -36, 0],
            "scale": [0.805, 0.805, 0.805]
        }
    },
	"elements": [
		{
			"from": [-8, -16, 8],
			"to": [24, 16, 8],
			"rotation": {"angle": 0, "axis": "y", "origin": [0, -8, 16]},
			"faces": {
				"north": {"uv": [0, 0, 16, 16], "texture": "#0"},
				"east": {"uv": [0, 0, 0, 1], "texture": "#0"},
				"south": {"uv": [0, 0, 1, 1], "texture": "#0"},
				"west": {"uv": [0, 0, 0, 1], "texture": "#0"},
				"up": {"uv": [0, 0, 1, 0], "texture": "#0"},
				"down": {"uv": [0, 0, 1, 0], "texture": "#0"}
			}
		}
	]
}